[
    {
        "id":1,
        "name":"Story Book",
        "title":" This is awesome story book bakjha kjhf smdnfbsmk",
        "price":0,
        "category":"free",
        "image":"https://img.freepik.com/free-vector/hand-drawn-flat-design-stack-books-illustration_23-2149341898.jpg"
    },
    {
        "id":2,
        "name":"Entertainment Book",
        "title":" This is awesome story book bakjha kjhf smdnfbsmk",
        "price":0,
        "category":"entertainment",
        "image":"https://img.freepik.com/free-vector/hand-drawn-flat-design-stack-books-illustration_23-2149341898.jpg"
    },
    {
        "id":3,
        "name":"Java Book",
        "title":" This is awesome story book bakjha kjhf smdnfbsmk",
        "price":0,
        "category":"free",
        "image":"https://img.freepik.com/free-vector/hand-drawn-flat-design-stack-books-illustration_23-2149341898.jpg"
    },
    {
        "id":4,
        "name":"Sports Book",
        "title":" This is awesome story book bakjha kjhf smdnfbsmk",
        "price":50,
        "category":"sports",
        "image":"https://img.freepik.com/free-vector/hand-drawn-flat-design-stack-books-illustration_23-2149341898.jpg"
    },
    {
        "id":5,
        "name":"MERN Stack Book",
        "title":" This is awesome story book bakjha kjhf smdnfbsmk",
        "price":0,
        "category":"study",
        "image":"https://img.freepik.com/free-vector/hand-drawn-flat-design-stack-books-illustration_23-2149341898.jpg"
    },
    {
        "id":6,
        "name":"Story Book",
        "title":" This is awesome story book bakjha kjhf smdnfbsmk",
        "price":0,
        "category":"free",
        "image":"https://img.freepik.com/free-vector/hand-drawn-flat-design-stack-books-illustration_23-2149341898.jpg"
    },
    {
        "id":7,
        "name":"Entertainment Book",
        "title":" This is awesome story book bakjha kjhf smdnfbsmk",
        "price":200,
        "category":"entertainment",
        "image":"https://img.freepik.com/free-vector/hand-drawn-flat-design-stack-books-illustration_23-2149341898.jpg"
    },
    {
        "id":8,
        "name":"Java Book",
        "title":" This is awesome story book bakjha kjhf smdnfbsmk",
        "price":0,
        "category":"study",
        "image":"https://img.freepik.com/free-vector/hand-drawn-flat-design-stack-books-illustration_23-2149341898.jpg"
    },
    {
        "id":9,
        "name":"Sports Book",
        "title":" This is awesome story book bakjha kjhf smdnfbsmk",
        "price":50,
        "category":"free",
        "image":"https://img.freepik.com/free-vector/hand-drawn-flat-design-stack-books-illustration_23-2149341898.jpg"
    },
    {
        "id":10,
        "name":"MERN Stack Book",
        "title":" This is awesome story book bakjha kjhf smdnfbsmk",
        "price":0,
        "category":"study",
        "image":"https://img.freepik.com/free-vector/hand-drawn-flat-design-stack-books-illustration_23-2149341898.jpg"
    },
    {
        "id":11,
        "name":"Story Book",
        "title":" This is awesome story book bakjha kjhf smdnfbsmk",
        "price":0,
        "category":"free",
        "image":"https://img.freepik.com/free-vector/hand-drawn-flat-design-stack-books-illustration_23-2149341898.jpg"
    },
    {
        "id":12,
        "name":"Entertainment Book",
        "title":" This is awesome story book bakjha kjhf smdnfbsmk",
        "price":200,
        "category":"free",
        "image":"https://img.freepik.com/free-vector/hand-drawn-flat-design-stack-books-illustration_23-2149341898.jpg"
    },
    {
        "id":13,
        "name":"Java Book",
        "title":" This is awesome story book bakjha kjhf smdnfbsmk",
        "price":0,
        "category":"study",
        "image":"https://img.freepik.com/free-vector/hand-drawn-flat-design-stack-books-illustration_23-2149341898.jpg"
    },
    {
        "id":14,
        "name":"Sports Book",
        "title":" This is awesome story book bakjha kjhf smdnfbsmk",
        "price":50,
        "category":"sports",
        "image":"https://img.freepik.com/free-vector/hand-drawn-flat-design-stack-books-illustration_23-2149341898.jpg"
    },
    {
        "id":15,
        "name":"MERN Stack Book",
        "title":" This is awesome story book bakjha kjhf smdnfbsmk",
        "price":0,
        "category":"study",
        "image":"https://img.freepik.com/free-vector/hand-drawn-flat-design-stack-books-illustration_23-2149341898.jpg"
    }
]